{
    "ConfigVersion": "1",
    "TimeToRespawn": 259200,
    "TreeHard": 1,
    "TreeSoft": 1,
    "BushHard": 1,
    "BushSoft": 1,
    "CutTrees": [
        {
            "Location": [
                5612.83935546875,
                42.229461669921878,
                9232.728515625
            ],
            "Health": 100.0,
            "RenewTime": 1716930734
        },
        {
            "Location": [
                5721.62353515625,
                53.086368560791019,
                10329.4404296875
            ],
            "Health": 100.0,
            "RenewTime": 1716931598
        },
        {
            "Location": [
                5485.2919921875,
                123.91153717041016,
                8174.55126953125
            ],
            "Health": 100.0,
            "RenewTime": 1716926929
        },
        {
            "Location": [
                5481.9873046875,
                118.94256591796875,
                8177.6533203125
            ],
            "Health": 0.0,
            "RenewTime": 1716926882
        }
    ]
}